name,h00,h01,h02,h03,h04,h05,h06,h07,h08,h09,h10,h11,h12,h13,h14,h15,h16,h17,h18,h19,h20,h21,h22,h23
Electric stove,0.0,0.0,0.0,0.0,0.0476,0.1429,0.0714,0.0714,0.0476,0.0476,0.381,0.381,0.0238,0.0238,0.0238,0.0238,0.0238,0.3095,0.3095,0.0714,0.0,0.0,0.0,0.0
Rice cooker,0.0038,0.0038,0.0028,0.0028,0.0339,0.1552,0.1947,0.0574,0.0414,0.0564,0.4487,0.4487,0.0085,0.0085,0.0122,0.0122,0.0339,0.2681,0.3198,0.0894,0.0085,0.0019,0.0047,0.0047
Turbo broiler,0.0,0.0,0.0,0.0,0.0,0.0,0.0351,0.0526,0.0526,0.2281,0.4912,0.4912,0.0,0.0,0.0,0.0,0.0526,0.1579,0.2281,0.1579,0.0351,0.0175,0.0351,0.0351
Bread toaster (2-way/4-way),0.0,0.0,0.0,0.0,0.0,0.1127,0.3662,0.3662,0.0845,0.0423,0.0,0.0,0.0,0.0,0.0563,0.0563,0.0282,0.0563,0.0141,0.0,0.0,0.0141,0.0,0.0
Oven toaster,0.0057,0.0057,0.0057,0.0057,0.017,0.0852,0.2784,0.2727,0.1364,0.0511,0.0568,0.0568,0.0511,0.0511,0.1364,0.1364,0.0227,0.0114,0.017,0.0227,0.0114,0.0,0.0057,0.0057
Microwave oven,0.009,0.009,0.0045,0.0045,0.0225,0.0676,0.1396,0.0991,0.0631,0.0676,0.1847,0.1847,0.0225,0.0225,0.0811,0.0811,0.027,0.0676,0.1577,0.1441,0.027,0.045,0.0045,0.0045
Blender,0.0,0.0,0.0078,0.0078,0.0,0.0078,0.0312,0.0859,0.0391,0.125,0.3125,0.3125,0.1484,0.1484,0.2734,0.2734,0.0469,0.0234,0.0312,0.0312,0.0,0.0,0.0156,0.0156
Mixer,0.0,0.0,0.0,0.0,0.0,0.0,0.0909,0.0909,0.0909,0.0909,0.1818,0.1818,0.1818,0.1818,0.0909,0.0909,0.0909,0.0909,0.0909,0.2727,0.0,0.0,0.0,0.0
Coffeemaker,0.0,0.0,0.0,0.0,0.0,0.1765,0.3824,0.2353,0.0882,0.1176,0.0294,0.0294,0.0,0.0,0.0,0.0,0.0,0.0,0.0294,0.0,0.0,0.0,0.0,0.0
Others (kitchen),0.0,0.0,0.0,0.0,0.0,0.2609,0.087,0.1304,0.0435,0.087,0.2174,0.2174,0.0435,0.0435,0.1739,0.1739,0.1304,0.2174,0.087,0.0435,0.0435,0.0435,0.0,0.0
Portable Heating,0.0312,0.0312,0.0312,0.0312,0.0312,0.5,0.4688,0.2812,0.0938,0.0938,0.0625,0.0625,0.0312,0.0312,0.0312,0.0312,0.0312,0.0312,0.0312,0.0312,0.0312,0.0312,0.0312,0.0312
Electric thermos/Airpot,0.0381,0.0381,0.0381,0.0381,0.1238,0.4571,0.5048,0.219,0.1143,0.0952,0.0762,0.0762,0.0857,0.0857,0.0952,0.0952,0.0762,0.0571,0.0952,0.0762,0.0762,0.0476,0.0476,0.0476
Water heater,0.0,0.0,0.0,0.0,0.1111,0.3492,0.4127,0.127,0.0635,0.0476,0.0,0.0,0.0159,0.0159,0.0317,0.0317,0.0317,0.0476,0.0794,0.0794,0.0635,0.0317,0.0159,0.0159
Others (heating),0.225,0.225,0.25,0.25,0.3,0.4,0.575,0.6,0.55,0.5,0.5,0.5,0.5,0.5,0.575,0.575,0.575,0.55,0.5,0.45,0.375,0.275,0.225,0.225
"Refrigerator, ordinary",0.9401,0.9401,0.9395,0.9395,0.9372,0.9361,0.9475,0.9515,0.9486,0.9515,0.9521,0.9521,0.9509,0.9509,0.9498,0.9498,0.9492,0.9526,0.9549,0.9532,0.9515,0.9521,0.9475,0.9475
"Refrigerator, frost-free",0.9679,0.9679,0.965,0.965,0.965,0.9679,0.9738,0.9738,0.9883,0.9854,0.9796,0.9796,0.9796,0.9796,0.9767,0.9767,0.9738,0.9679,0.9621,0.9621,0.965,0.965,0.9621,0.9621
Freezer,0.9167,0.9167,0.9167,0.9167,0.9167,0.9167,0.8333,0.8333,0.8333,0.8333,0.8333,0.8333,0.8333,0.8333,0.9167,0.9167,0.9167,0.9167,1.0,1.0,1.0,1.0,1.0,1.0
Radio,0.0094,0.0094,0.0188,0.0188,0.047,0.1975,0.3699,0.4232,0.4357,0.3511,0.1818,0.1818,0.116,0.116,0.1881,0.1881,0.1034,0.0752,0.0502,0.0627,0.0627,0.0408,0.0439,0.0439
Tape recorder (casette),0.0181,0.0181,0.0136,0.0136,0.0407,0.1538,0.2715,0.3575,0.457,0.3439,0.1765,0.1765,0.0905,0.0905,0.1448,0.1448,0.086,0.0633,0.0498,0.0543,0.0452,0.0588,0.0633,0.0633
Stereo (component/mini-component/CD),0.0067,0.0067,0.0096,0.0096,0.0153,0.0614,0.1927,0.3519,0.4832,0.4008,0.1812,0.1812,0.0796,0.0796,0.1946,0.1946,0.1457,0.0614,0.0307,0.0384,0.0336,0.0278,0.0144,0.0144
B/W TV,0.0,0.0,0.0,0.0,0.0,0.0667,0.2,0.2,0.0667,0.0,0.2667,0.2667,0.5333,0.5333,0.8,0.8,0.4,0.4,0.6,0.6,0.6,0.3333,0.0667,0.0667
Color TV - LCD screen,0.0118,0.0118,0.0102,0.0102,0.0118,0.1252,0.2589,0.198,0.1997,0.2284,0.308,0.308,0.2995,0.2995,0.3232,0.3232,0.2589,0.3181,0.6125,0.709,0.6887,0.511,0.1878,0.1878
Color TV - LED screen,0.0286,0.0286,0.0286,0.0286,0.0286,0.1571,0.2143,0.1714,0.1286,0.2286,0.3714,0.3714,0.4286,0.4286,0.4286,0.4286,0.3571,0.3429,0.6714,0.7571,0.7571,0.5286,0.2,0.2
Color TV - Plasma screen,0.0104,0.0104,0.0,0.0,0.0104,0.1979,0.3438,0.3958,0.2396,0.2708,0.2604,0.2604,0.4167,0.4167,0.3958,0.3958,0.3646,0.4167,0.6667,0.7292,0.6979,0.5521,0.125,0.125
Color TV - CRT screen,0.0121,0.0121,0.0084,0.0084,0.0109,0.0945,0.2013,0.1887,0.1895,0.2501,0.3451,0.3451,0.3622,0.3622,0.3622,0.3622,0.2781,0.3482,0.6277,0.6874,0.67,0.476,0.157,0.157
VHS/Betamax/laser disc (video casette recorder/player & rewinder),0.005,0.005,0.01,0.01,0.0066,0.0108,0.0257,0.0664,0.157,0.2176,0.2209,0.2209,0.1844,0.1844,0.3679,0.3679,0.2442,0.1312,0.1213,0.1836,0.1902,0.1404,0.064,0.064
Karaoke/Videoke,0.0095,0.0095,0.019,0.019,0.0095,0.0667,0.1333,0.2762,0.4095,0.3429,0.2095,0.2095,0.1429,0.1429,0.2,0.2,0.1333,0.0857,0.0857,0.0571,0.0667,0.0381,0.0286,0.0286
Video games,0.0,0.0,0.0,0.0,0.0,0.0,0.0556,0.0,0.1667,0.1667,0.1111,0.1111,0.0556,0.0556,0.1667,0.1667,0.3333,0.2778,0.1667,0.1667,0.2222,0.1667,0.1667,0.1667
Others (entertainment),0.0213,0.0213,0.0213,0.0213,0.0213,0.0213,0.1277,0.1915,0.3617,0.2553,0.1277,0.1277,0.1277,0.1277,0.2766,0.2766,0.1915,0.1277,0.0851,0.1064,0.1064,0.0638,0.0213,0.0213
"Airconditioner, window type",0.5021,0.5021,0.458,0.458,0.3122,0.1719,0.0578,0.0358,0.0316,0.0371,0.0715,0.0715,0.11,0.11,0.1362,0.1362,0.0784,0.0564,0.1279,0.2503,0.4691,0.6492,0.7497,0.7497
"Airconditioner, split type (non-inverter)",0.4694,0.4694,0.4286,0.4286,0.3469,0.1224,0.0408,0.0612,0.0816,0.102,0.1429,0.1429,0.2041,0.2041,0.1633,0.1633,0.0816,0.102,0.1837,0.2449,0.4082,0.5918,0.6735,0.6735
"Airconditioner, split type (inverter)",0.3333,0.3333,0.3333,0.3333,0.3704,0.2963,0.1481,0.0741,0.1111,0.0741,0.1852,0.1852,0.0741,0.0741,0.0741,0.0741,0.037,0.037,0.1852,0.4074,0.5185,0.8148,0.7778,0.7778
Electric fan,0.4256,0.4256,0.4252,0.4252,0.3631,0.2463,0.159,0.1424,0.1558,0.2001,0.2929,0.2929,0.2884,0.2884,0.3088,0.3088,0.2126,0.1998,0.3348,0.4156,0.473,0.514,0.4945,0.4945
Exhaust fan,0.0795,0.0795,0.0795,0.0795,0.0795,0.1136,0.2273,0.1705,0.1136,0.1477,0.5341,0.5341,0.1591,0.1591,0.1705,0.1705,0.1364,0.25,0.5,0.3409,0.2159,0.1591,0.1591,0.1591
Electric flat iron,0.0011,0.0011,0.0039,0.0039,0.0107,0.0401,0.0853,0.0956,0.1382,0.1261,0.0607,0.0607,0.0945,0.0945,0.2302,0.2302,0.1602,0.1162,0.1133,0.1407,0.1108,0.0615,0.0284,0.0284
"Washing machine, manual",0.0053,0.0053,0.0053,0.0053,0.0069,0.0374,0.178,0.4121,0.6478,0.644,0.3848,0.3848,0.0748,0.0748,0.0673,0.0673,0.0283,0.0203,0.0128,0.0171,0.0155,0.0118,0.0064,0.0064
"Washing machine, automatic",0.0,0.0,0.0,0.0,0.0028,0.0227,0.1903,0.4489,0.7528,0.7102,0.3807,0.3807,0.054,0.054,0.0568,0.0568,0.0312,0.0085,0.0057,0.0085,0.0114,0.0114,0.0085,0.0085
Water pump,0.4744,0.4744,0.4872,0.4872,0.5192,0.5962,0.6923,0.7244,0.6346,0.6026,0.5833,0.5833,0.5641,0.5641,0.5769,0.5769,0.5513,0.5833,0.6474,0.6731,0.6218,0.5513,0.5192,0.5192
Electric sewing machine,0.0,0.0,0.0,0.0,0.0,0.0,0.0,0.1111,0.5,0.5556,0.4444,0.4444,0.3333,0.3333,0.5,0.5,0.2222,0.0556,0.0556,0.0556,0.1111,0.0,0.0,0.0
Shaver,0.0,0.0,0.0,0.0,0.0,0.1,0.8,0.1,0.0,0.0,0.0,0.0,0.0,0.0,0.0,0.0,0.0,0.0,0.0,0.0,0.0,0.0,0.0,0.0
Hair dryer,0.0192,0.0192,0.0,0.0,0.0,0.0385,0.3654,0.1731,0.2308,0.1154,0.0577,0.0577,0.0,0.0,0.0,0.0,0.0,0.0,0.0192,0.0,0.0,0.0,0.0,0.0
"Personal computer, CRT monitor",0.0206,0.0206,0.0177,0.0177,0.0147,0.0236,0.0442,0.059,0.1445,0.2153,0.1711,0.1711,0.1032,0.1032,0.2271,0.2271,0.2242,0.2301,0.3245,0.4454,0.5015,0.3687,0.1681,0.1681
"Personal computer, LCD monitor",0.0236,0.0236,0.0128,0.0128,0.0043,0.0043,0.0407,0.0621,0.1199,0.2056,0.2013,0.2013,0.1006,0.1006,0.1863,0.1863,0.1863,0.2441,0.3276,0.469,0.4818,0.3662,0.212,0.212
Computer printer,0.0159,0.0159,0.0079,0.0079,0.0,0.0,0.0159,0.0476,0.1111,0.1825,0.0873,0.0873,0.0556,0.0556,0.1349,0.1349,0.1111,0.119,0.1984,0.2698,0.2698,0.1825,0.0714,0.0714
Rechargeable lamp,0.0,0.0,0.0,0.0,0.0,0.0,0.05,0.05,0.3,0.4,0.3,0.3,0.2,0.2,0.15,0.15,0.15,0.05,0.15,0.4,0.3,0.1,0.05,0.05
Others (miscellaneous),0.0088,0.0088,0.0094,0.0094,0.0133,0.0479,0.1518,0.1628,0.1957,0.1852,0.118,0.118,0.0542,0.0542,0.0879,0.0879,0.0735,0.1092,0.1884,0.2874,0.2522,0.1569,0.0499,0.0499
Lighting - Incandescent bulb,0.1751,0.1751,0.1751,0.1751,0.2028,0.275,0.2442,0.1628,0.0952,0.0783,0.0814,0.0814,0.0737,0.0737,0.086,0.086,0.0783,0.1352,0.4839,0.5945,0.5361,0.4025,0.255,0.255
Lighting - Linear fluorescent tube,0.1555,0.1555,0.1589,0.1589,0.2225,0.3397,0.2287,0.133,0.0937,0.0763,0.0849,0.0849,0.0577,0.0577,0.0605,0.0605,0.0631,0.1796,0.6913,0.7814,0.7022,0.5485,0.3175,0.3175
Lighting - Circular fluorescent lamp,0.0544,0.0544,0.0572,0.0572,0.1213,0.2483,0.1855,0.1018,0.0628,0.0502,0.0614,0.0614,0.0404,0.0404,0.0474,0.0474,0.053,0.1325,0.5635,0.7169,0.6932,0.5035,0.2245,0.2245
Lighting - Compact fluorescent lamp (CFL),0.1491,0.1491,0.1531,0.1531,0.1912,0.3013,0.2096,0.115,0.0733,0.0574,0.0568,0.0568,0.0416,0.0416,0.0469,0.0469,0.0487,0.1213,0.5011,0.6436,0.5897,0.4648,0.2841,0.2841
Lighting - LED bulb,0.3871,0.3871,0.3871,0.3871,0.3871,0.2903,0.2258,0.1935,0.1935,0.1613,0.1935,0.1935,0.1935,0.1935,0.1935,0.1935,0.1935,0.1613,0.5484,0.6129,0.5484,0.5161,0.6129,0.6129
Lighting - Other lamp,0.4638,0.4638,0.4203,0.4203,0.3913,0.2319,0.087,0.0725,0.058,0.0145,0.058,0.058,0.0435,0.0435,0.0435,0.0435,0.029,0.1014,0.4348,0.5362,0.5217,0.4493,0.5797,0.5797
