profile,mode,budget,feasible,kwh_cap,planned_kwh,bill,comfort_pct,appliances_off
low,strict,500,True,32.7,32.57,498.09,45.3,3.0
low,strict,600,True,39.57,39.47,598.55,56.2,4.0
low,strict,700,True,46.44,46.22,696.82,67.2,4.0
low,strict,800,True,53.3,52.53,788.7,76.6,1.0
low,strict,900,True,60.17,59.95,896.8,83.2,1.0
low,strict,1000,True,67.04,66.55,992.89,89.1,1.0
low,strict,1100,True,73.91,73.15,1088.98,94.9,1.0
low,strict,1200,True,80.78,79.83,1186.16,99.3,0.0
low,strict,1300,True,87.65,81.52,1210.73,100.0,0.0
low,strict,1400,True,94.52,81.52,1210.73,100.0,0.0
low,strict,1500,True,101.38,81.52,1210.73,100.0,0.0
low,strict,1600,True,108.25,81.52,1210.73,100.0,0.0
low,strict,1700,True,115.12,81.52,1210.73,100.0,0.0
low,strict,1800,True,121.99,81.52,1210.73,100.0,0.0
low,strict,1900,True,128.86,81.52,1210.73,100.0,0.0
low,strict,2000,True,135.73,81.52,1210.73,100.0,0.0
low,strict,2100,True,142.6,81.52,1210.73,100.0,0.0
low,strict,2200,True,149.46,81.52,1210.73,100.0,0.0
low,strict,2300,True,156.33,81.52,1210.73,100.0,0.0
low,strict,2400,True,163.2,81.52,1210.73,100.0,0.0
low,strict,2500,True,170.07,81.52,1210.73,100.0,0.0
low,strict,2600,True,176.94,81.52,1210.73,100.0,0.0
low,strict,2700,True,183.81,81.52,1210.73,100.0,0.0
low,strict,2800,True,190.68,81.52,1210.73,100.0,0.0
low,strict,2900,True,197.54,81.52,1210.73,100.0,0.0
low,strict,3000,True,200.0,81.52,1210.73,100.0,0.0
low,strict,3100,True,206.35,81.52,1210.73,100.0,0.0
low,strict,3200,True,213.06,81.52,1210.73,100.0,0.0
low,strict,3300,True,219.77,81.52,1210.73,100.0,0.0
low,strict,3400,True,226.48,81.52,1210.73,100.0,0.0
low,strict,3500,True,233.19,81.52,1210.73,100.0,0.0
low,strict,3600,True,239.89,81.52,1210.73,100.0,0.0
low,strict,3700,True,246.6,81.52,1210.73,100.0,0.0
low,strict,3800,True,253.31,81.52,1210.73,100.0,0.0
low,strict,3900,True,260.02,81.52,1210.73,100.0,0.0
low,strict,4000,True,266.73,81.52,1210.73,100.0,0.0
low,strict,4100,True,273.44,81.52,1210.73,100.0,0.0
low,strict,4200,True,280.15,81.52,1210.73,100.0,0.0
low,strict,4300,True,286.85,81.52,1210.73,100.0,0.0
low,strict,4400,True,293.56,81.52,1210.73,100.0,0.0
low,strict,4500,True,300.0,81.52,1210.73,100.0,0.0
low,strict,4600,True,300.37,81.52,1210.73,100.0,0.0
low,strict,4700,True,306.93,81.52,1210.73,100.0,0.0
low,strict,4800,True,313.5,81.52,1210.73,100.0,0.0
low,strict,4900,True,320.06,81.52,1210.73,100.0,0.0
low,strict,5000,True,326.62,81.52,1210.73,100.0,0.0
low,strict,5100,True,333.19,81.52,1210.73,100.0,0.0
low,strict,5200,True,339.75,81.52,1210.73,100.0,0.0
low,strict,5300,True,346.32,81.52,1210.73,100.0,0.0
low,strict,5400,True,352.88,81.52,1210.73,100.0,0.0
low,strict,5500,True,359.44,81.52,1210.73,100.0,0.0
low,strict,5600,True,366.01,81.52,1210.73,100.0,0.0
low,strict,5700,True,372.57,81.52,1210.73,100.0,0.0
low,strict,5800,True,379.14,81.52,1210.73,100.0,0.0
low,strict,5900,True,385.7,81.52,1210.73,100.0,0.0
low,strict,6000,True,392.26,81.52,1210.73,100.0,0.0
low,strict,6100,True,398.83,81.52,1210.73,100.0,0.0
low,strict,6200,True,400.0,81.52,1210.73,100.0,0.0
low,strict,6300,True,400.0,81.52,1210.73,100.0,0.0
low,strict,6400,True,403.38,81.52,1210.73,100.0,0.0
low,strict,6500,True,409.71,81.52,1210.73,100.0,0.0
low,strict,6600,True,416.04,81.52,1210.73,100.0,0.0
low,strict,6700,True,422.36,81.52,1210.73,100.0,0.0
low,strict,6800,True,428.69,81.52,1210.73,100.0,0.0
low,strict,6900,True,435.02,81.52,1210.73,100.0,0.0
low,strict,7000,True,441.34,81.52,1210.73,100.0,0.0
low,strict,7100,True,447.67,81.52,1210.73,100.0,0.0
low,strict,7200,True,454.0,81.52,1210.73,100.0,0.0
low,strict,7300,True,460.32,81.52,1210.73,100.0,0.0
low,strict,7400,True,466.65,81.52,1210.73,100.0,0.0
low,strict,7500,True,472.97,81.52,1210.73,100.0,0.0
low,strict,7600,True,479.3,81.52,1210.73,100.0,0.0
low,strict,7700,True,485.63,81.52,1210.73,100.0,0.0
low,strict,7800,True,491.95,81.52,1210.73,100.0,0.0
low,strict,7900,True,498.28,81.52,1210.73,100.0,0.0
low,strict,8000,True,504.61,81.52,1210.73,100.0,0.0
low,weighted,500,True,32.7,32.47,496.61,58.4,1.0
low,weighted,600,True,39.57,38.77,588.33,63.5,1.0
low,weighted,700,True,46.44,45.97,693.16,69.3,1.0
low,weighted,800,True,53.3,53.17,797.98,75.2,1.0
low,weighted,900,True,60.17,60.07,898.44,81.0,0.0
low,weighted,1000,True,67.04,66.67,994.53,86.9,0.0
low,weighted,1100,True,73.91,73.27,1090.62,92.7,0.0
low,weighted,1200,True,80.78,80.69,1198.72,99.3,0.0
low,weighted,1300,True,87.65,81.52,1210.73,100.0,0.0
low,weighted,1400,True,94.52,81.52,1210.73,100.0,0.0
low,weighted,1500,True,101.38,81.52,1210.73,100.0,0.0
low,weighted,1600,True,108.25,81.52,1210.73,100.0,0.0
low,weighted,1700,True,115.12,81.52,1210.73,100.0,0.0
low,weighted,1800,True,121.99,81.52,1210.73,100.0,0.0
low,weighted,1900,True,128.86,81.52,1210.73,100.0,0.0
low,weighted,2000,True,135.73,81.52,1210.73,100.0,0.0
low,weighted,2100,True,142.6,81.52,1210.73,100.0,0.0
low,weighted,2200,True,149.46,81.52,1210.73,100.0,0.0
low,weighted,2300,True,156.33,81.52,1210.73,100.0,0.0
low,weighted,2400,True,163.2,81.52,1210.73,100.0,0.0
low,weighted,2500,True,170.07,81.52,1210.73,100.0,0.0
low,weighted,2600,True,176.94,81.52,1210.73,100.0,0.0
low,weighted,2700,True,183.81,81.52,1210.73,100.0,0.0
low,weighted,2800,True,190.68,81.52,1210.73,100.0,0.0
low,weighted,2900,True,197.54,81.52,1210.73,100.0,0.0
low,weighted,3000,True,200.0,81.52,1210.73,100.0,0.0
low,weighted,3100,True,206.35,81.52,1210.73,100.0,0.0
low,weighted,3200,True,213.06,81.52,1210.73,100.0,0.0
low,weighted,3300,True,219.77,81.52,1210.73,100.0,0.0
low,weighted,3400,True,226.48,81.52,1210.73,100.0,0.0
low,weighted,3500,True,233.19,81.52,1210.73,100.0,0.0
low,weighted,3600,True,239.89,81.52,1210.73,100.0,0.0
low,weighted,3700,True,246.6,81.52,1210.73,100.0,0.0
low,weighted,3800,True,253.31,81.52,1210.73,100.0,0.0
low,weighted,3900,True,260.02,81.52,1210.73,100.0,0.0
low,weighted,4000,True,266.73,81.52,1210.73,100.0,0.0
low,weighted,4100,True,273.44,81.52,1210.73,100.0,0.0
low,weighted,4200,True,280.15,81.52,1210.73,100.0,0.0
low,weighted,4300,True,286.85,81.52,1210.73,100.0,0.0
low,weighted,4400,True,293.56,81.52,1210.73,100.0,0.0
low,weighted,4500,True,300.0,81.52,1210.73,100.0,0.0
low,weighted,4600,True,300.37,81.52,1210.73,100.0,0.0
low,weighted,4700,True,306.93,81.52,1210.73,100.0,0.0
low,weighted,4800,True,313.5,81.52,1210.73,100.0,0.0
low,weighted,4900,True,320.06,81.52,1210.73,100.0,0.0
low,weighted,5000,True,326.62,81.52,1210.73,100.0,0.0
low,weighted,5100,True,333.19,81.52,1210.73,100.0,0.0
low,weighted,5200,True,339.75,81.52,1210.73,100.0,0.0
low,weighted,5300,True,346.32,81.52,1210.73,100.0,0.0
low,weighted,5400,True,352.88,81.52,1210.73,100.0,0.0
low,weighted,5500,True,359.44,81.52,1210.73,100.0,0.0
low,weighted,5600,True,366.01,81.52,1210.73,100.0,0.0
low,weighted,5700,True,372.57,81.52,1210.73,100.0,0.0
low,weighted,5800,True,379.14,81.52,1210.73,100.0,0.0
low,weighted,5900,True,385.7,81.52,1210.73,100.0,0.0
low,weighted,6000,True,392.26,81.52,1210.73,100.0,0.0
low,weighted,6100,True,398.83,81.52,1210.73,100.0,0.0
low,weighted,6200,True,400.0,81.52,1210.73,100.0,0.0
low,weighted,6300,True,400.0,81.52,1210.73,100.0,0.0
low,weighted,6400,True,403.38,81.52,1210.73,100.0,0.0
low,weighted,6500,True,409.71,81.52,1210.73,100.0,0.0
low,weighted,6600,True,416.04,81.52,1210.73,100.0,0.0
low,weighted,6700,True,422.36,81.52,1210.73,100.0,0.0
low,weighted,6800,True,428.69,81.52,1210.73,100.0,0.0
low,weighted,6900,True,435.02,81.52,1210.73,100.0,0.0
low,weighted,7000,True,441.34,81.52,1210.73,100.0,0.0
low,weighted,7100,True,447.67,81.52,1210.73,100.0,0.0
low,weighted,7200,True,454.0,81.52,1210.73,100.0,0.0
low,weighted,7300,True,460.32,81.52,1210.73,100.0,0.0
low,weighted,7400,True,466.65,81.52,1210.73,100.0,0.0
low,weighted,7500,True,472.97,81.52,1210.73,100.0,0.0
low,weighted,7600,True,479.3,81.52,1210.73,100.0,0.0
low,weighted,7700,True,485.63,81.52,1210.73,100.0,0.0
low,weighted,7800,True,491.95,81.52,1210.73,100.0,0.0
low,weighted,7900,True,498.28,81.52,1210.73,100.0,0.0
low,weighted,8000,True,504.61,81.52,1210.73,100.0,0.0
median,strict,500,False,32.7,,,,
median,strict,600,False,39.57,,,,
median,strict,700,False,46.44,,,,
median,strict,800,False,53.3,,,,
median,strict,900,False,60.17,,,,
median,strict,1000,False,67.04,,,,
median,strict,1100,True,73.91,73.9,1099.8,3.6,12.0
median,strict,1200,True,80.78,80.76,1199.7,21.9,8.0
median,strict,1300,True,87.65,87.63,1299.78,41.4,8.0
median,strict,1400,True,94.52,94.5,1399.77,49.9,8.0
median,strict,1500,True,101.38,101.36,1499.67,63.3,5.0
median,strict,1600,True,108.25,108.23,1599.69,70.0,4.0
median,strict,1700,True,115.12,115.11,1699.89,71.8,5.0
median,strict,1800,True,121.99,121.98,1799.88,80.5,2.0
median,strict,1900,True,128.86,128.84,1899.72,85.2,2.0
median,strict,2000,True,135.73,135.7,1999.64,96.1,1.0
median,strict,2100,True,142.6,136.2,2006.94,100.0,0.0
median,strict,2200,True,149.46,136.2,2006.94,100.0,0.0
median,strict,2300,True,156.33,136.2,2006.94,100.0,0.0
median,strict,2400,True,163.2,136.2,2006.94,100.0,0.0
median,strict,2500,True,170.07,136.2,2006.94,100.0,0.0
median,strict,2600,True,176.94,136.2,2006.94,100.0,0.0
median,strict,2700,True,183.81,136.2,2006.94,100.0,0.0
median,strict,2800,True,190.68,136.2,2006.94,100.0,0.0
median,strict,2900,True,197.54,136.2,2006.94,100.0,0.0
median,strict,3000,True,200.0,136.2,2006.94,100.0,0.0
median,strict,3100,True,206.35,136.2,2006.94,100.0,0.0
median,strict,3200,True,213.06,136.2,2006.94,100.0,0.0
median,strict,3300,True,219.77,136.2,2006.94,100.0,0.0
median,strict,3400,True,226.48,136.2,2006.94,100.0,0.0
median,strict,3500,True,233.19,136.2,2006.94,100.0,0.0
median,strict,3600,True,239.89,136.2,2006.94,100.0,0.0
median,strict,3700,True,246.6,136.2,2006.94,100.0,0.0
median,strict,3800,True,253.31,136.2,2006.94,100.0,0.0
median,strict,3900,True,260.02,136.2,2006.94,100.0,0.0
median,strict,4000,True,266.73,136.2,2006.94,100.0,0.0
median,strict,4100,True,273.44,136.2,2006.94,100.0,0.0
median,strict,4200,True,280.15,136.2,2006.94,100.0,0.0
median,strict,4300,True,286.85,136.2,2006.94,100.0,0.0
median,strict,4400,True,293.56,136.2,2006.94,100.0,0.0
median,strict,4500,True,300.0,136.2,2006.94,100.0,0.0
median,strict,4600,True,300.37,136.2,2006.94,100.0,0.0
median,strict,4700,True,306.93,136.2,2006.94,100.0,0.0
median,strict,4800,True,313.5,136.2,2006.94,100.0,0.0
median,strict,4900,True,320.06,136.2,2006.94,100.0,0.0
median,strict,5000,True,326.62,136.2,2006.94,100.0,0.0
median,strict,5100,True,333.19,136.2,2006.94,100.0,0.0
median,strict,5200,True,339.75,136.2,2006.94,100.0,0.0
median,strict,5300,True,346.32,136.2,2006.94,100.0,0.0
median,strict,5400,True,352.88,136.2,2006.94,100.0,0.0
median,strict,5500,True,359.44,136.2,2006.94,100.0,0.0
median,strict,5600,True,366.01,136.2,2006.94,100.0,0.0
median,strict,5700,True,372.57,136.2,2006.94,100.0,0.0
median,strict,5800,True,379.14,136.2,2006.94,100.0,0.0
median,strict,5900,True,385.7,136.2,2006.94,100.0,0.0
median,strict,6000,True,392.26,136.2,2006.94,100.0,0.0
median,strict,6100,True,398.83,136.2,2006.94,100.0,0.0
median,strict,6200,True,400.0,136.2,2006.94,100.0,0.0
median,strict,6300,True,400.0,136.2,2006.94,100.0,0.0
median,strict,6400,True,403.38,136.2,2006.94,100.0,0.0
median,strict,6500,True,409.71,136.2,2006.94,100.0,0.0
median,strict,6600,True,416.04,136.2,2006.94,100.0,0.0
median,strict,6700,True,422.36,136.2,2006.94,100.0,0.0
median,strict,6800,True,428.69,136.2,2006.94,100.0,0.0
median,strict,6900,True,435.02,136.2,2006.94,100.0,0.0
median,strict,7000,True,441.34,136.2,2006.94,100.0,0.0
median,strict,7100,True,447.67,136.2,2006.94,100.0,0.0
median,strict,7200,True,454.0,136.2,2006.94,100.0,0.0
median,strict,7300,True,460.32,136.2,2006.94,100.0,0.0
median,strict,7400,True,466.65,136.2,2006.94,100.0,0.0
median,strict,7500,True,472.97,136.2,2006.94,100.0,0.0
median,strict,7600,True,479.3,136.2,2006.94,100.0,0.0
median,strict,7700,True,485.63,136.2,2006.94,100.0,0.0
median,strict,7800,True,491.95,136.2,2006.94,100.0,0.0
median,strict,7900,True,498.28,136.2,2006.94,100.0,0.0
median,strict,8000,True,504.61,136.2,2006.94,100.0,0.0
median,weighted,500,False,32.7,,,,
median,weighted,600,False,39.57,,,,
median,weighted,700,False,46.44,,,,
median,weighted,800,False,53.3,,,,
median,weighted,900,False,60.17,,,,
median,weighted,1000,False,67.04,,,,
median,weighted,1100,True,73.91,73.9,1099.8,3.6,12.0
median,weighted,1200,True,80.78,80.76,1199.7,21.9,8.0
median,weighted,1300,True,87.65,87.43,1296.88,48.9,6.0
median,weighted,1400,True,94.52,94.24,1396.01,59.2,4.0
median,weighted,1500,True,101.38,100.8,1491.55,67.8,3.0
median,weighted,1600,True,108.25,108.0,1596.38,75.1,2.0
median,weighted,1700,True,115.12,114.6,1692.47,81.8,1.0
median,weighted,1800,True,121.99,121.8,1797.29,89.1,1.0
median,weighted,1900,True,128.86,128.78,1898.84,94.5,0.0
median,weighted,2000,True,135.73,135.38,1994.93,99.4,0.0
median,weighted,2100,True,142.6,136.2,2006.94,100.0,0.0
median,weighted,2200,True,149.46,136.2,2006.94,100.0,0.0
median,weighted,2300,True,156.33,136.2,2006.94,100.0,0.0
median,weighted,2400,True,163.2,136.2,2006.94,100.0,0.0
median,weighted,2500,True,170.07,136.2,2006.94,100.0,0.0
median,weighted,2600,True,176.94,136.2,2006.94,100.0,0.0
median,weighted,2700,True,183.81,136.2,2006.94,100.0,0.0
median,weighted,2800,True,190.68,136.2,2006.94,100.0,0.0
median,weighted,2900,True,197.54,136.2,2006.94,100.0,0.0
median,weighted,3000,True,200.0,136.2,2006.94,100.0,0.0
median,weighted,3100,True,206.35,136.2,2006.94,100.0,0.0
median,weighted,3200,True,213.06,136.2,2006.94,100.0,0.0
median,weighted,3300,True,219.77,136.2,2006.94,100.0,0.0
median,weighted,3400,True,226.48,136.2,2006.94,100.0,0.0
median,weighted,3500,True,233.19,136.2,2006.94,100.0,0.0
median,weighted,3600,True,239.89,136.2,2006.94,100.0,0.0
median,weighted,3700,True,246.6,136.2,2006.94,100.0,0.0
median,weighted,3800,True,253.31,136.2,2006.94,100.0,0.0
median,weighted,3900,True,260.02,136.2,2006.94,100.0,0.0
median,weighted,4000,True,266.73,136.2,2006.94,100.0,0.0
median,weighted,4100,True,273.44,136.2,2006.94,100.0,0.0
median,weighted,4200,True,280.15,136.2,2006.94,100.0,0.0
median,weighted,4300,True,286.85,136.2,2006.94,100.0,0.0
median,weighted,4400,True,293.56,136.2,2006.94,100.0,0.0
median,weighted,4500,True,300.0,136.2,2006.94,100.0,0.0
median,weighted,4600,True,300.37,136.2,2006.94,100.0,0.0
median,weighted,4700,True,306.93,136.2,2006.94,100.0,0.0
median,weighted,4800,True,313.5,136.2,2006.94,100.0,0.0
median,weighted,4900,True,320.06,136.2,2006.94,100.0,0.0
median,weighted,5000,True,326.62,136.2,2006.94,100.0,0.0
median,weighted,5100,True,333.19,136.2,2006.94,100.0,0.0
median,weighted,5200,True,339.75,136.2,2006.94,100.0,0.0
median,weighted,5300,True,346.32,136.2,2006.94,100.0,0.0
median,weighted,5400,True,352.88,136.2,2006.94,100.0,0.0
median,weighted,5500,True,359.44,136.2,2006.94,100.0,0.0
median,weighted,5600,True,366.01,136.2,2006.94,100.0,0.0
median,weighted,5700,True,372.57,136.2,2006.94,100.0,0.0
median,weighted,5800,True,379.14,136.2,2006.94,100.0,0.0
median,weighted,5900,True,385.7,136.2,2006.94,100.0,0.0
median,weighted,6000,True,392.26,136.2,2006.94,100.0,0.0
median,weighted,6100,True,398.83,136.2,2006.94,100.0,0.0
median,weighted,6200,True,400.0,136.2,2006.94,100.0,0.0
median,weighted,6300,True,400.0,136.2,2006.94,100.0,0.0
median,weighted,6400,True,403.38,136.2,2006.94,100.0,0.0
median,weighted,6500,True,409.71,136.2,2006.94,100.0,0.0
median,weighted,6600,True,416.04,136.2,2006.94,100.0,0.0
median,weighted,6700,True,422.36,136.2,2006.94,100.0,0.0
median,weighted,6800,True,428.69,136.2,2006.94,100.0,0.0
median,weighted,6900,True,435.02,136.2,2006.94,100.0,0.0
median,weighted,7000,True,441.34,136.2,2006.94,100.0,0.0
median,weighted,7100,True,447.67,136.2,2006.94,100.0,0.0
median,weighted,7200,True,454.0,136.2,2006.94,100.0,0.0
median,weighted,7300,True,460.32,136.2,2006.94,100.0,0.0
median,weighted,7400,True,466.65,136.2,2006.94,100.0,0.0
median,weighted,7500,True,472.97,136.2,2006.94,100.0,0.0
median,weighted,7600,True,479.3,136.2,2006.94,100.0,0.0
median,weighted,7700,True,485.63,136.2,2006.94,100.0,0.0
median,weighted,7800,True,491.95,136.2,2006.94,100.0,0.0
median,weighted,7900,True,498.28,136.2,2006.94,100.0,0.0
median,weighted,8000,True,504.61,136.2,2006.94,100.0,0.0
high,strict,500,False,32.7,,,,
high,strict,600,False,39.57,,,,
high,strict,700,False,46.44,,,,
high,strict,800,False,53.3,,,,
high,strict,900,False,60.17,,,,
high,strict,1000,False,67.04,,,,
high,strict,1100,True,73.91,73.9,1099.82,15.2,10.0
high,strict,1200,True,80.78,80.78,1199.95,32.0,9.0
high,strict,1300,True,87.65,87.57,1298.88,47.7,7.0
high,strict,1400,True,94.52,94.17,1394.97,50.0,6.0
high,strict,1500,True,101.38,101.37,1499.79,52.3,6.0
high,strict,1600,True,108.25,107.97,1595.88,54.3,7.0
high,strict,1700,True,115.12,115.11,1699.83,55.1,7.0
high,strict,1800,True,121.99,121.77,1796.79,59.0,6.0
high,strict,1900,True,128.86,128.85,1899.87,58.2,7.0
high,strict,2000,True,135.73,135.57,1997.71,65.6,6.0
high,strict,2100,True,142.6,142.17,2093.8,69.9,6.0
high,strict,2200,True,149.46,149.45,2199.84,73.4,5.0
high,strict,2300,True,156.33,156.25,2298.77,75.4,4.0
high,strict,2400,True,163.2,163.0,2397.04,76.2,4.0
high,strict,2500,True,170.07,169.75,2495.31,77.0,4.0
high,strict,2600,True,176.94,176.5,2593.59,77.7,4.0
high,strict,2700,True,183.81,183.79,2699.78,79.3,4.0
high,strict,2800,True,190.68,190.21,2793.25,85.9,2.0
high,strict,2900,True,197.54,197.53,2899.83,86.7,2.0
high,strict,3000,True,200.0,199.99,2935.64,87.5,3.0
high,strict,3100,True,206.35,205.9,3093.23,93.8,1.0
high,strict,3200,True,213.06,205.9,3093.23,93.8,1.0
high,strict,3300,True,219.77,219.76,3299.83,91.8,0.0
high,strict,3400,True,226.48,219.85,3301.17,94.1,0.0
high,strict,3500,True,233.19,219.85,3301.17,94.1,0.0
high,strict,3600,True,239.89,233.8,3509.12,94.5,0.0
high,strict,3700,True,246.6,233.8,3509.12,94.5,0.0
high,strict,3800,True,253.31,247.75,3717.07,94.9,0.0
high,strict,3900,True,260.02,247.75,3717.07,94.9,0.0
high,strict,4000,True,266.73,261.7,3925.02,95.3,0.0
high,strict,4100,True,273.44,261.7,3925.02,95.3,0.0
high,strict,4200,True,280.15,275.65,4132.97,95.7,0.0
high,strict,4300,True,286.85,275.65,4132.97,95.7,0.0
high,strict,4400,True,293.56,289.6,4340.92,96.1,0.0
high,strict,4500,True,300.0,289.6,4340.92,96.1,0.0
high,strict,4600,True,300.37,289.6,4340.92,96.1,0.0
high,strict,4700,True,306.93,303.55,4648.45,96.5,0.0
high,strict,4800,True,313.5,303.55,4648.45,96.5,0.0
high,strict,4900,True,320.06,317.5,4860.97,96.9,0.0
high,strict,5000,True,326.62,317.5,4860.97,96.9,0.0
high,strict,5100,True,333.19,331.45,5073.5,97.3,0.0
high,strict,5200,True,339.75,331.45,5073.5,97.3,0.0
high,strict,5300,True,346.32,345.4,5286.02,97.7,0.0
high,strict,5400,True,352.88,345.4,5286.02,97.7,0.0
high,strict,5500,True,359.44,359.35,5498.55,98.0,0.0
high,strict,5600,True,366.01,359.35,5498.55,98.0,0.0
high,strict,5700,True,372.57,359.35,5498.55,98.0,0.0
high,strict,5800,True,379.14,373.3,5711.08,98.4,0.0
high,strict,5900,True,385.7,373.3,5711.08,98.4,0.0
high,strict,6000,True,392.26,387.25,5923.6,98.8,0.0
high,strict,6100,True,398.83,387.25,5923.6,98.8,0.0
high,strict,6200,True,400.0,387.25,5923.6,98.8,0.0
high,strict,6300,True,400.0,387.25,5923.6,98.8,0.0
high,strict,6400,True,403.38,401.2,6365.47,99.2,0.0
high,strict,6500,True,409.71,401.2,6365.47,99.2,0.0
high,strict,6600,True,416.04,415.15,6585.97,99.6,0.0
high,strict,6700,True,422.36,415.15,6585.97,99.6,0.0
high,strict,6800,True,428.69,415.15,6585.97,99.6,0.0
high,strict,6900,True,435.02,429.1,6806.47,100.0,0.0
high,strict,7000,True,441.34,429.1,6806.47,100.0,0.0
high,strict,7100,True,447.67,429.1,6806.47,100.0,0.0
high,strict,7200,True,454.0,429.1,6806.47,100.0,0.0
high,strict,7300,True,460.32,429.1,6806.47,100.0,0.0
high,strict,7400,True,466.65,429.1,6806.47,100.0,0.0
high,strict,7500,True,472.97,429.1,6806.47,100.0,0.0
high,strict,7600,True,479.3,429.1,6806.47,100.0,0.0
high,strict,7700,True,485.63,429.1,6806.47,100.0,0.0
high,strict,7800,True,491.95,429.1,6806.47,100.0,0.0
high,strict,7900,True,498.28,429.1,6806.47,100.0,0.0
high,strict,8000,True,504.61,429.1,6806.47,100.0,0.0
high,weighted,500,False,32.7,,,,
high,weighted,600,False,39.57,,,,
high,weighted,700,False,46.44,,,,
high,weighted,800,False,53.3,,,,
high,weighted,900,False,60.17,,,,
high,weighted,1000,False,67.04,,,,
high,weighted,1100,True,73.91,73.9,1099.82,15.2,10.0
high,weighted,1200,True,80.78,80.67,1198.42,37.5,8.0
high,weighted,1300,True,87.65,87.1,1292.01,48.0,7.0
high,weighted,1400,True,94.52,94.51,1399.96,52.7,6.0
high,weighted,1500,True,101.38,101.13,1496.28,56.6,5.0
high,weighted,1600,True,108.25,108.1,1597.75,60.9,4.0
high,weighted,1700,True,115.12,114.7,1693.84,65.2,4.0
high,weighted,1800,True,121.99,121.9,1798.67,69.9,4.0
high,weighted,1900,True,128.86,128.27,1891.48,73.0,3.0
high,weighted,2000,True,135.73,135.7,1999.58,76.6,3.0
high,weighted,2100,True,142.6,142.45,2097.85,77.3,2.0
high,weighted,2200,True,149.46,149.2,2196.13,78.1,2.0
high,weighted,2300,True,156.33,155.95,2294.4,78.9,2.0
high,weighted,2400,True,163.2,162.7,2392.67,79.7,2.0
high,weighted,2500,True,170.07,169.9,2497.5,82.0,1.0
high,weighted,2600,True,176.94,175.9,2584.85,84.0,1.0
high,weighted,2700,True,183.81,183.1,2689.68,86.3,1.0
high,weighted,2800,True,190.68,190.3,2794.5,88.7,1.0
high,weighted,2900,True,197.54,197.5,2899.33,91.0,1.0
high,weighted,3000,True,200.0,199.9,2934.27,91.8,1.0
high,weighted,3100,True,206.35,205.9,3093.23,93.8,1.0
high,weighted,3200,True,213.06,205.9,3093.23,93.8,1.0
high,weighted,3300,True,219.77,205.9,3093.23,93.8,1.0
high,weighted,3400,True,226.48,219.85,3301.17,94.1,0.0
high,weighted,3500,True,233.19,219.85,3301.17,94.1,0.0
high,weighted,3600,True,239.89,233.8,3509.12,94.5,0.0
high,weighted,3700,True,246.6,233.8,3509.12,94.5,0.0
high,weighted,3800,True,253.31,247.75,3717.07,94.9,0.0
high,weighted,3900,True,260.02,247.75,3717.07,94.9,0.0
high,weighted,4000,True,266.73,261.7,3925.02,95.3,0.0
high,weighted,4100,True,273.44,261.7,3925.02,95.3,0.0
high,weighted,4200,True,280.15,275.65,4132.97,95.7,0.0
high,weighted,4300,True,286.85,275.65,4132.97,95.7,0.0
high,weighted,4400,True,293.56,289.6,4340.92,96.1,0.0
high,weighted,4500,True,300.0,289.6,4340.92,96.1,0.0
high,weighted,4600,True,300.37,289.6,4340.92,96.1,0.0
high,weighted,4700,True,306.93,303.55,4648.45,96.5,0.0
high,weighted,4800,True,313.5,303.55,4648.45,96.5,0.0
high,weighted,4900,True,320.06,317.5,4860.97,96.9,0.0
high,weighted,5000,True,326.62,317.5,4860.97,96.9,0.0
high,weighted,5100,True,333.19,331.45,5073.5,97.3,0.0
high,weighted,5200,True,339.75,331.45,5073.5,97.3,0.0
high,weighted,5300,True,346.32,345.4,5286.02,97.7,0.0
high,weighted,5400,True,352.88,345.4,5286.02,97.7,0.0
high,weighted,5500,True,359.44,359.35,5498.55,98.0,0.0
high,weighted,5600,True,366.01,359.35,5498.55,98.0,0.0
high,weighted,5700,True,372.57,359.35,5498.55,98.0,0.0
high,weighted,5800,True,379.14,373.3,5711.08,98.4,0.0
high,weighted,5900,True,385.7,373.3,5711.08,98.4,0.0
high,weighted,6000,True,392.26,387.25,5923.6,98.8,0.0
high,weighted,6100,True,398.83,387.25,5923.6,98.8,0.0
high,weighted,6200,True,400.0,387.25,5923.6,98.8,0.0
high,weighted,6300,True,400.0,387.25,5923.6,98.8,0.0
high,weighted,6400,True,403.38,401.2,6365.47,99.2,0.0
high,weighted,6500,True,409.71,401.2,6365.47,99.2,0.0
high,weighted,6600,True,416.04,415.15,6585.97,99.6,0.0
high,weighted,6700,True,422.36,415.15,6585.97,99.6,0.0
high,weighted,6800,True,428.69,415.15,6585.97,99.6,0.0
high,weighted,6900,True,435.02,429.1,6806.47,100.0,0.0
high,weighted,7000,True,441.34,429.1,6806.47,100.0,0.0
high,weighted,7100,True,447.67,429.1,6806.47,100.0,0.0
high,weighted,7200,True,454.0,429.1,6806.47,100.0,0.0
high,weighted,7300,True,460.32,429.1,6806.47,100.0,0.0
high,weighted,7400,True,466.65,429.1,6806.47,100.0,0.0
high,weighted,7500,True,472.97,429.1,6806.47,100.0,0.0
high,weighted,7600,True,479.3,429.1,6806.47,100.0,0.0
high,weighted,7700,True,485.63,429.1,6806.47,100.0,0.0
high,weighted,7800,True,491.95,429.1,6806.47,100.0,0.0
high,weighted,7900,True,498.28,429.1,6806.47,100.0,0.0
high,weighted,8000,True,504.61,429.1,6806.47,100.0,0.0
custom,strict,500,False,32.7,,,,
custom,strict,600,False,39.57,,,,
custom,strict,700,False,46.44,,,,
custom,strict,800,False,53.3,,,,
custom,strict,900,False,60.17,,,,
custom,strict,1000,False,67.04,,,,
custom,strict,1100,False,73.91,,,,
custom,strict,1200,False,80.78,,,,
custom,strict,1300,False,87.65,,,,
custom,strict,1400,False,94.52,,,,
custom,strict,1500,False,101.38,,,,
custom,strict,1600,True,108.25,108.0,1596.32,0.0,8.0
custom,strict,1700,True,115.12,114.89,1696.56,12.1,7.0
custom,strict,1800,True,121.99,121.94,1799.34,19.3,5.0
custom,strict,1900,True,128.86,128.8,1899.09,22.9,5.0
custom,strict,2000,True,135.73,135.65,1998.85,26.4,5.0
custom,strict,2100,True,142.6,142.5,2098.6,30.0,6.0
custom,strict,2200,True,149.46,149.2,2196.1,35.0,5.0
custom,strict,2300,True,156.33,156.24,2298.66,40.7,5.0
custom,strict,2400,True,163.2,162.86,2394.98,45.0,4.0
custom,strict,2500,True,170.07,169.82,2496.37,40.7,4.0
custom,strict,2600,True,176.94,176.79,2597.77,45.7,4.0
custom,strict,2700,True,183.81,183.71,2698.54,58.6,3.0
custom,strict,2800,True,190.68,190.46,2796.81,65.7,3.0
custom,strict,2900,True,197.54,196.92,2890.87,70.7,2.0
custom,strict,3000,True,200.0,199.43,2927.37,72.1,2.0
custom,strict,3100,True,206.35,205.76,3091.12,77.1,1.0
custom,strict,3200,True,213.06,211.38,3174.97,77.9,0.0
custom,strict,3300,True,219.77,217.01,3258.82,78.6,0.0
custom,strict,3400,True,226.48,222.63,3342.67,79.3,0.0
custom,strict,3500,True,233.19,228.26,3426.52,80.0,0.0
custom,strict,3600,True,239.89,239.51,3594.22,81.4,0.0
custom,strict,3700,True,246.6,245.13,3678.07,82.1,0.0
custom,strict,3800,True,253.31,250.76,3761.92,82.9,0.0
custom,strict,3900,True,260.02,256.38,3845.77,83.6,0.0
custom,strict,4000,True,266.73,262.01,3929.62,84.3,0.0
custom,strict,4100,True,273.44,273.26,4097.32,85.7,0.0
custom,strict,4200,True,280.15,278.88,4181.17,86.4,0.0
custom,strict,4300,True,286.85,284.51,4265.02,87.1,0.0
custom,strict,4400,True,293.56,290.13,4348.87,87.9,0.0
custom,strict,4500,True,300.0,295.76,4432.72,88.6,0.0
custom,strict,4600,True,300.37,295.76,4432.72,88.6,0.0
custom,strict,4700,True,306.93,301.38,4615.44,89.3,0.0
custom,strict,4800,True,313.5,312.63,4786.83,90.7,0.0
custom,strict,4900,True,320.06,318.26,4872.53,91.4,0.0
custom,strict,5000,True,326.62,323.88,4958.23,92.1,0.0
custom,strict,5100,True,333.19,329.51,5043.92,92.9,0.0
custom,strict,5200,True,339.75,335.13,5129.62,93.6,0.0
custom,strict,5300,True,346.32,340.76,5215.31,94.3,0.0
custom,strict,5400,True,352.88,352.01,5386.71,95.7,0.0
custom,strict,5500,True,359.44,357.63,5472.4,96.4,0.0
custom,strict,5600,True,366.01,363.26,5558.1,97.1,0.0
custom,strict,5700,True,372.57,368.88,5643.79,97.9,0.0
custom,strict,5800,True,379.14,374.51,5729.49,98.6,0.0
custom,strict,5900,True,385.7,380.13,5815.18,99.3,0.0
custom,strict,6000,True,392.26,385.76,5900.88,100.0,0.0
custom,strict,6100,True,398.83,385.76,5900.88,100.0,0.0
custom,strict,6200,True,400.0,385.76,5900.88,100.0,0.0
custom,strict,6300,True,400.0,385.76,5900.88,100.0,0.0
custom,strict,6400,True,403.38,385.76,5900.88,100.0,0.0
custom,strict,6500,True,409.71,385.76,5900.88,100.0,0.0
custom,strict,6600,True,416.04,385.76,5900.88,100.0,0.0
custom,strict,6700,True,422.36,385.76,5900.88,100.0,0.0
custom,strict,6800,True,428.69,385.76,5900.88,100.0,0.0
custom,strict,6900,True,435.02,385.76,5900.88,100.0,0.0
custom,strict,7000,True,441.34,385.76,5900.88,100.0,0.0
custom,strict,7100,True,447.67,385.76,5900.88,100.0,0.0
custom,strict,7200,True,454.0,385.76,5900.88,100.0,0.0
custom,strict,7300,True,460.32,385.76,5900.88,100.0,0.0
custom,strict,7400,True,466.65,385.76,5900.88,100.0,0.0
custom,strict,7500,True,472.97,385.76,5900.88,100.0,0.0
custom,strict,7600,True,479.3,385.76,5900.88,100.0,0.0
custom,strict,7700,True,485.63,385.76,5900.88,100.0,0.0
custom,strict,7800,True,491.95,385.76,5900.88,100.0,0.0
custom,strict,7900,True,498.28,385.76,5900.88,100.0,0.0
custom,strict,8000,True,504.61,385.76,5900.88,100.0,0.0
custom,weighted,500,False,32.7,,,,
custom,weighted,600,False,39.57,,,,
custom,weighted,700,False,46.44,,,,
custom,weighted,800,False,53.3,,,,
custom,weighted,900,False,60.17,,,,
custom,weighted,1000,False,67.04,,,,
custom,weighted,1100,False,73.91,,,,
custom,weighted,1200,False,80.78,,,,
custom,weighted,1300,False,87.65,,,,
custom,weighted,1400,False,94.52,,,,
custom,weighted,1500,False,101.38,,,,
custom,weighted,1600,True,108.25,108.0,1596.32,0.0,8.0
custom,weighted,1700,True,115.12,114.89,1696.56,12.1,7.0
custom,weighted,1800,True,121.99,121.81,1797.31,23.6,5.0
custom,weighted,1900,True,128.86,128.38,1893.01,35.7,4.0
custom,weighted,2000,True,135.73,135.13,1991.28,42.9,4.0
custom,weighted,2100,True,142.6,141.59,2085.34,47.9,3.0
custom,weighted,2200,True,149.46,148.83,2190.79,47.9,2.0
custom,weighted,2300,True,156.33,156.21,2298.27,50.0,2.0
custom,weighted,2400,True,163.2,162.34,2387.49,51.4,2.0
custom,weighted,2500,True,170.07,169.76,2495.44,55.7,1.0
custom,weighted,2600,True,176.94,175.76,2582.79,59.3,1.0
custom,weighted,2700,True,183.81,182.96,2687.62,63.6,1.0
custom,weighted,2800,True,190.68,190.16,2792.44,67.9,1.0
custom,weighted,2900,True,197.54,197.36,2897.27,72.1,1.0
custom,weighted,3000,True,200.0,199.76,2932.21,73.6,1.0
custom,weighted,3100,True,206.35,205.76,3091.12,77.1,1.0
custom,weighted,3200,True,213.06,211.38,3174.97,77.9,0.0
custom,weighted,3300,True,219.77,217.01,3258.82,78.6,0.0
custom,weighted,3400,True,226.48,222.63,3342.67,79.3,0.0
custom,weighted,3500,True,233.19,228.26,3426.52,80.0,0.0
custom,weighted,3600,True,239.89,239.51,3594.22,81.4,0.0
custom,weighted,3700,True,246.6,245.13,3678.07,82.1,0.0
custom,weighted,3800,True,253.31,250.76,3761.92,82.9,0.0
custom,weighted,3900,True,260.02,256.38,3845.77,83.6,0.0
custom,weighted,4000,True,266.73,262.01,3929.62,84.3,0.0
custom,weighted,4100,True,273.44,273.26,4097.32,85.7,0.0
custom,weighted,4200,True,280.15,278.88,4181.17,86.4,0.0
custom,weighted,4300,True,286.85,284.51,4265.02,87.1,0.0
custom,weighted,4400,True,293.56,290.13,4348.87,87.9,0.0
custom,weighted,4500,True,300.0,295.76,4432.72,88.6,0.0
custom,weighted,4600,True,300.37,295.76,4432.72,88.6,0.0
custom,weighted,4700,True,306.93,301.38,4615.44,89.3,0.0
custom,weighted,4800,True,313.5,312.63,4786.83,90.7,0.0
custom,weighted,4900,True,320.06,318.26,4872.53,91.4,0.0
custom,weighted,5000,True,326.62,323.88,4958.23,92.1,0.0
custom,weighted,5100,True,333.19,329.51,5043.92,92.9,0.0
custom,weighted,5200,True,339.75,335.13,5129.62,93.6,0.0
custom,weighted,5300,True,346.32,340.76,5215.31,94.3,0.0
custom,weighted,5400,True,352.88,352.01,5386.71,95.7,0.0
custom,weighted,5500,True,359.44,357.63,5472.4,96.4,0.0
custom,weighted,5600,True,366.01,363.26,5558.1,97.1,0.0
custom,weighted,5700,True,372.57,368.88,5643.79,97.9,0.0
custom,weighted,5800,True,379.14,374.51,5729.49,98.6,0.0
custom,weighted,5900,True,385.7,380.13,5815.18,99.3,0.0
custom,weighted,6000,True,392.26,385.76,5900.88,100.0,0.0
custom,weighted,6100,True,398.83,385.76,5900.88,100.0,0.0
custom,weighted,6200,True,400.0,385.76,5900.88,100.0,0.0
custom,weighted,6300,True,400.0,385.76,5900.88,100.0,0.0
custom,weighted,6400,True,403.38,385.76,5900.88,100.0,0.0
custom,weighted,6500,True,409.71,385.76,5900.88,100.0,0.0
custom,weighted,6600,True,416.04,385.76,5900.88,100.0,0.0
custom,weighted,6700,True,422.36,385.76,5900.88,100.0,0.0
custom,weighted,6800,True,428.69,385.76,5900.88,100.0,0.0
custom,weighted,6900,True,435.02,385.76,5900.88,100.0,0.0
custom,weighted,7000,True,441.34,385.76,5900.88,100.0,0.0
custom,weighted,7100,True,447.67,385.76,5900.88,100.0,0.0
custom,weighted,7200,True,454.0,385.76,5900.88,100.0,0.0
custom,weighted,7300,True,460.32,385.76,5900.88,100.0,0.0
custom,weighted,7400,True,466.65,385.76,5900.88,100.0,0.0
custom,weighted,7500,True,472.97,385.76,5900.88,100.0,0.0
custom,weighted,7600,True,479.3,385.76,5900.88,100.0,0.0
custom,weighted,7700,True,485.63,385.76,5900.88,100.0,0.0
custom,weighted,7800,True,491.95,385.76,5900.88,100.0,0.0
custom,weighted,7900,True,498.28,385.76,5900.88,100.0,0.0
custom,weighted,8000,True,504.61,385.76,5900.88,100.0,0.0
